frequency1,frequency2,time1,time2
0.4651671865264799,0.5651671865264799,0.5566839925553071,0.6566839925553071
0.5473614314341617,0.6473614314341617,0.6952499412762545,0.7952499412762545
0.4457132033140021,0.5457132033140021,0.6973716369261413,0.7973716369261413
